Name,Age,Cholesterol,Weight,Height,BMI
John Doe,30,180,70,1.75,22.857142857142858
Jane Smith,25,210,60,1.65,22.03856749311295
Peter Jones,40,195,80,1.8,24.691358024691358
